<?xml version="1.0" encoding="UTF-8"?>
<project-private xmlns="http://www.netbeans.org/ns/project-private/1">
    <editor-bookmarks xmlns="http://www.netbeans.org/ns/editor-bookmarks/2" lastBookmarkId="0"/>
    <open-files xmlns="http://www.netbeans.org/ns/projectui-open-files/2">
        <group>
            <file>file:/C:/My_Documents/Spring2019/IST411/HW2_HelpFiles/HW2_Elevator_Project/src/Person.java</file>
            <file>file:/C:/My_Documents/Spring2019/IST411/HW2_HelpFiles/HW2_Elevator_Project/src/GUI.java</file>
            <file>file:/C:/My_Documents/Spring2019/IST411/HW2_HelpFiles/HW2_Elevator_Project/src/Elevator.java</file>
        </group>
    </open-files>
</project-private>
