<?xml version="1.0" encoding="UTF-8"?>
<project-private xmlns="http://www.netbeans.org/ns/project-private/1">
    <editor-bookmarks xmlns="http://www.netbeans.org/ns/editor-bookmarks/2" lastBookmarkId="0"/>
    <open-files xmlns="http://www.netbeans.org/ns/projectui-open-files/2">
        <group>
            <file>file:/G:/Spring%202020/IST%20411/projects/HW%202%20-%20Threads/Elevator_ThreadApp/src/ElevatorFE.java</file>
            <file>file:/G:/Spring%202020/IST%20411/projects/HW%202%20-%20Threads/Elevator_ThreadApp/src/Elevator.java</file>
        </group>
    </open-files>
</project-private>
